id_da_escola,nome_da_escola,tipo_da_escola,logradouro,numero,bairro,subprefeitura,latitude,longitude,quantidade_de_material
178,CENTRO INTEGRADO DE EDUCACAO PUBLICA HENFIL,CIEP,RUA CARLOS SEIDL, SN,CAJU,CENTRO,-22.88089,-43.22533,20
634,EM ALICE DO AMARAL PEIXOTO,EM,RUA EBANO, 187,BENFICA,CENTRO,-22.88957,-43.2362,121
600,EM URUGUAI,EM,RUA ANA NERI, 192,BENFICA,CENTRO,-22.89849,-43.23776,591
476,ESCOLA MUNICIPAL FLORIANO PEIXOTO,EM,PRACA ARGENTINA, 20,SAO CRISTOVAO,CENTRO,-22.89763,-43.22746,190
011,CIEP SAMUEL WEINER,CIEP,AVENIDA HEITOR BELTRAO, SN,TIJUCA,GRANDE TIJUCA,-22.92127,-43.228,445
361,EM PRUDENTE DE MORAES,EM,RUA ENES DE SOUSA, 36,TIJUCA,GRANDE TIJUCA,-22.92906,-43.23287,63
163,EM LAUDIMIA TROTTA,EM,RUA ANTONIO BASILIO, 370,TIJUCA,GRANDE TIJUCA,-22.92684,-43.23789,576
180,ESCOLA MUNICIPAL EQUADOR,EM,BOULEVARD 28 DE SETEMBRO, 353,VILA ISABEL,GRANDE TIJUCA,-22.91615,-43.24705,185
226,EM AFRANIO PEIXOTO,EM,RUA FERREIRA PONTES, 328,ANDARAI,GRANDE TIJUCA,-22.92686,-43.25491,164
126,EM DUQUE DE CAXIAS,EM,RUA MAL JOFRE, 74,GRAJAU,GRANDE TIJUCA,-22.91854,-43.26509,399
157,E.M. SARMIENTO,EM,RUA VINTE QUATRO DE MAIO, 931,ENGENHO NOVO,ZONA NORTE,-22.90303,-43.26788,350
117,CIEP CHANCELER WILLY BRANDT,CIEP,RUA ALVARO SEIXAS, SN,JACARE,ZONA NORTE,-22.89418,-43.26385,457
259,EM PERNAMBUCO,EM,RUA CONDE DE AZAMBUJA, 579,MARIA DA GRACA,ZONA NORTE,-22.88418,-43.26262,158
351,CENTRO INTEGRADO DE EDUCACAO PUBLICA VINICIUS DE MORAES,CIEP,AVENIDA DOM HELDER CAMARA, 1715,JACARE,ZONA NORTE,-22.88532,-43.2541,489
422,ESCOLA MUNICIPAL ALBINO SOUZA CRUZ,EM,AVENIDA DOS DEMOCRATICOS, 268,MANGUINHOS,ZONA NORTE,-22.88099,-43.25325,123
025,ESCOLA MUNICIPAL GEORGE SUMMER,EM,RUA ANA NERI,Não informado,RIACHUELO,ZONA NORTE,-22.9007,-43.25541,183
373,EM PROFESSOR AUGUSTO PAULINO,EM,RUA CONEGO TOBIAS, 116,MEIER,ZONA NORTE,-22.90416,-43.28033,44
660,E.M NOSSA SENHORA DA POMPEIA,EM,RUA CIRNE MAIA, 109,TODOS OS SANTOS,ZONA NORTE,-22.89203,-43.27992,342
502,CIEP PATRICE LUMUMBA,CIEP,PRACA DA CONFEDERACAO SUICA, SN,DEL CASTILHO,ZONA NORTE,-22.87836,-43.27489,493
135,EM DOMINGOS BEBIANO,EM,ESTRUA ADHEMAR BEBIANO, 1870,INHAUMA,ZONA NORTE,-22.87389,-43.27771,456
440,EM JOAQUIM RIBEIRO,EM,PRACA SOLDADO COSME DOS SANTOS, 28,INHAUMA,ZONA NORTE,-22.87757,-43.28563,530
217,EM ALAGOAS,EM,AVENIDA DOM HELDER CAMARA, 6742,PILARES,ZONA NORTE,-22.88134,-43.29409,440
020,EM TAGORE,EM,PRACA FREDERICO DUVAL, SN,PIEDADE,ZONA NORTE,-22.88766,-43.30247,255
624,EM RIO GRANDE DO SUL,EM,RUA ADOLFO BERGAMINI, 201,ENGENHO DE DENTRO,ZONA NORTE,-22.90034,-43.29594,109
378,EM BRIGADEIRO FARIA LIMA,EM,RUA VIOLETA, SN,AGUA SANTA,ZONA NORTE,-22.90627,-43.30792,365
603,EM ESPIRITO SANTO,EM,RUA HERCULANO PENA, SN,CAVALCANTI,ZONA NORTE,-22.8743,-43.31472,352
514,EM PARANA,EM,AVENIDA ERNANI CARDOSO, 316,CASCADURA,ZONA NORTE,-22.88241,-43.33811,534
069,ESCOLA MUNICIPAL CARDEAL ARCOVERDE,EM,RUA AGOSTINHO BARBALHO, 401,MADUREIRA,ZONA NORTE,-22.87608,-43.34337,468
248,E.M. ASPIRANTE CARLOS ALFREDO,EM,RUA IBIA, 105,TURIACU,ZONA NORTE,-22.86085,-43.34455,513
031,E.M. PARA,EM,AVENIDA DOS ITALIANOS, 500,ROCHA MIRANDA,ZONA NORTE,-22.85196,-43.34949,115
415,ESCOLA MUNICIPAL LUIZ DE CAMOES,EM,ESTRUA LUIZDE CAMOES, 1446,COLEGIO,ZONA NORTE,-22.84604,-43.33867,152
673,ESCOLA MUNICIPAL GRECIA,EM,AVENIDA BRAZ DE PINA, 1614,VILA DA PENHA,ZONA NORTE,-22.83783,-43.31254,393
537,EM ARY QUINTELLA,EM,RUA ENG MOREIRA LIMA, 54,PENHA CIRCULAR,ZONA NORTE,-22.83941,-43.30007,234
623,EM CECILIA MEIRELES,EM,RUA SD SERVINO MENGARDA, 260,VILA KOSMOS,ZONA NORTE,-22.84944,-43.30379,416
146,EM BERNARDO VASCONCELOS,EM,PRACA SANTA ROSALIA, 100,PENHA,ZONA NORTE,-22.84563,-43.28401,151
566,EM BRANT HORTA,EM,RUA BENTO CARDOSO, 130,PENHA CIRCULAR,ZONA NORTE,-22.83567,-43.28816,564
161,E.M JOAO DE DEUS,EM,PRACA ALMEIDA GARRET, SN,PENHA CIRCULAR,ZONA NORTE,-22.82995,-43.28211,509
663,EM CIENTISTA MARIO KROEFF,EM,RUA DO COUTO, 91,PENHA,ZONA NORTE,-22.83896,-43.27517,426
498,EM CHILE,EM,PRACA BELMONTE, 15,OLARIA,ZONA NORTE,-22.84858,-43.26859,61
230,EM BERLIM,EM,PRACA RAMOS FIGUEIRA, 20,OLARIA,ZONA NORTE,-22.84779,-43.26144,24
263,EM PADRE MANUEL DE NOBREGA,EM,PRACA ELBA, 1215,VIGARIO GERAL,ZONA NORTE,-22.85714,-43.26416,292
140,EM PEDRO LESSA,EM,RUA ADAIL, 49,BONSUCESSO,ZONA NORTE,-22.86047,-43.25428,153
121,EM DILERMANDO CRUZ,EM,AVENIDA TEIXEIRA DE CASTRO, 407,RAMOS,ZONA NORTE,-22.85387,-43.25245,167
118,CENTRO INTEGRADO DE EDUCACAO PUBLICA ELIS REGINA,CIEP,RUA PRINCIPAL, SN,BONSUCESSO,ZONA NORTE,-22.85783,-43.24045,210
676,ESCOLA MUNICIPAL ANISIO TEIXEIRA,EM,RUA SERENATA, 40,JARDIM GUANABARA,ILHAS,-22.81244,-43.20966,180
274,EM ABEILARD FEIJO,EM,ESTRADA DA CACUIA, 1386,CACUIA,ILHAS,-22.80769,-43.18156,561
490,E.M TIA CIATA,EM,AVENIDA PRESIDENTE VARGAS, SN,CENTRO,CENTRO,-22.90712,-43.19507,578
055,EM SANTA CATARINA,EM,RUA EDUARDO SANTOS, 38,SANTA TERESA,CENTRO,-22.91554,-43.19159,92
483,EM CELESTINO SILVA,EM,RUA DO LAVRADIO, 56,CENTRO,CENTRO,-22.90929,-43.18358,220
331,CIEP TANCREDO NEVES,CIEP,RUA DO CATETE, 77,CATETE,ZONA SUL,-22.92278,-43.17668,223
035,EM SENADOR CORREA,EM,RUA SEN CORREA,Não informado,LARANJEIRAS,ZONA SUL,-22.93399,-43.18101,525
450,EM ALBERTO BARTH,EM,AVENIDA OSWALDO CRUZ, 124,FLAMENGO,ZONA SUL,-22.94071,-43.17647,420
523,EM PRESIDENTE DA COSTA E SILVA,EM,RUA ASSUNCAO, 257,BOTAFOGO,ZONA SUL,-22.94556,-43.18659,111
309,EM MEXICO,EM,RUA DA MATRIZ, 67,BOTAFOGO,ZONA SUL,-22.95271,-43.19176,319
387,CIEP PRESIDENTE AGOSTINHO NETO,CIEP,RUA VISCONDE DE SILVA, SN,HUMAITA,ZONA SUL,-22.95917,-43.19972,456
558,EM CICERO PENA,EM,AVENIDA ATLANTICA, 1976,COPACABANA,ZONA SUL,-22.96865,-43.18114,573
268,ESCOLA MUNICIPAL MINAS GERAIS,EM,AVENIDA PASTEUR, 433,URCA,ZONA SUL,-22.95382,-43.16888,308
017,E.M PRESIDENTE JOSE LINHARES,EM,RUA BARAO DA TORRE, 90,IPANEMA,ZONA SUL,-22.98333,-43.19904,48
540,EM HENRIQUE DODSWORTH,EM,AVENIDA EPITACIO PESSOA, 474,IPANEMA,ZONA SUL,-22.98196,-43.21358,516
382,EM SANTOS ANJOS,EM,RUA HUMBERTO DE CAMPOS, SN,LEBLON,ZONA SUL,-22.98156,-43.21703,262
587,EM ALMIRANTE TAMANDARE,EM,AVENIDA PRESIDENTE JOAO GOULART, 296,VIDIGAL,ZONA SUL,-22.9937,-43.23558,336
653,EM LUCIA MIGUEL PEREIRA,EM,RUA MARTAGAO GESTEIRA, SN,SAO CONRADO,ZONA SUL,-22.99742,-43.27218,159
570,EM HELENA LOPES ABRANCHES,EM,RUA ACAPORI, 495,GARDENIA AZUL,JACAREPAGUA,-22.96072,-43.35344,466
016,CIEP JOAO BATISTA DOS SANTOS,CIEP,RUA EDGAR WERNECK, 1565,CIDADE DE DEUS,JACAREPAGUA,-22.94711,-43.35974,430
466,ESCOLA MUNICIPAL NELSON RODRIGUES,EM,RUA FREI LUIZ ALEVATO, SN,TAQUARA,JACAREPAGUA,-22.93533,-43.36973,279
527,EM VIRGILIO VARZEA,EM,RUA JOSE SILVA, 155,PECHINCHA,JACAREPAGUA,-22.93253,-43.35113,179
206,EM HONDURAS,EM,PRACA BARAO DA TAQUARA, 12,PRACA SECA,JACAREPAGUA,-22.89693,-43.35267,392
023,EM CERVANTES,EM,RUA ABILIO DOS SANTOS, 170,BENTO RIBEIRO,ZONA NORTE,-22.86459,-43.36595,342
495,EM. ENGENHEIRO LAFAYETTE DE ANDRADA,EM,AVENIDA DUQUE DE CAXIAS, 170,DEODORO,GRANDE BANGU,-22.85609,-43.38661,128
589,EM MARIO PIRAGIBE,EM,PRACA NOSSA SENHORA DAS DORES, SN,ANCHIETA,ZONA NORTE,-22.82558,-43.39208,317
256,ESCOLA MUNICIPAL PARAIBA,EM,ESTRADA MARECHAL ALENCASTRO, 4035,ANCHIETA,ZONA NORTE,-22.82636,-43.40288,345
608,EM GRANDJEAN DE MONTIGNY,EM,PRACA DOS UCRANIANOS, SN,PAVUNA,ZONA NORTE,-22.81389,-43.37393,260
090,EM THOMAS JEFFERSON,EM,AVENIDA PASTOR MARTIN LUTHER KING JR, SN,ACARI,ZONA NORTE,-22.81631,-43.34015,67
390,E.M. ANDREA FONTES PEIXOTO,EM,RUA FAUSTO E CASTRO, SN,PARQUE COLUMBIA,ZONA NORTE,-22.81631,-43.34015,257
041,EM ANDRADE NEVES,EM,RUA VIANA DO CASTELO, SN,JARDIM AMERICA,ZONA NORTE,-22.80945,-43.32629,468
388,EM CARDEAL CAMARA,EM,RUA ANAMA, 98,PARADA DE LUCAS,ZONA NORTE,-22.81527,-43.30357,504
568,EM VISCONDE DE PORTO SEGURO,EM,RUA TEOFILO GUIMARAES, 604,JARDIM SULACAP,GRANDE BANGU,-22.88908,-43.39248,362
171,ESCOLA MUNICIPAL PADRE LEONEL FRANCA,EM,AVENIDA CANAL, SN,REALENGO,GRANDE BANGU,-22.88346,-43.42945,235
520,EM BARONESA DE SAAVEDRA,EM,RUA MAL BIBIANO COSTALAT, 483-639,REALENGO,GRANDE BANGU,-22.87185,-43.43243,136
308,CIEP THOMAS JEFFERSON,CIEP,ESTRADA DO ENGENHO NOVO, SN,REALENGO,GRANDE BANGU,-22.86652,-43.42515,400
576,EM CORYNTHO DA FONSECA,EM,RUA URUQUE, SN,REALENGO,GRANDE BANGU,-22.85894,-43.44387,148
689,EM MOACIR PADILHA,EM,RUA GENERAL GOMES DE CASTRO, 30,PADRE MIGUEL,GRANDE BANGU,-22.86877,-43.45065,571
641,EM LAURO MULLER,EM,RUA ROSA DE ALMEIDA, 113,PADRE MIGUEL,GRANDE BANGU,-22.88207,-43.44644,269
477,EM PAULO MARANHAO,EM,RUA DO GOVERNO, 866,REALENGO,GRANDE BANGU,-22.89299,-43.44122,187
398,EM LEONARDO DA VINCI,EM,RUA RENATO REBECCHI, SN,BANGU,GRANDE BANGU,-22.89253,-43.47295,315
175,E.M. NACOES UNIDAS,EM,RUA DOS LIMADORES, SN,BANGU,GRANDE BANGU,-22.88815,-43.47629,435
586,CIEP ANTONIO EVARISTO DE MORAES,CIEP,AVENIDA DE SANTA CRUZ, SN,SENADOR CAMARA,GRANDE BANGU,-22.88179,-43.48733,194
080,E.M. JOSE MAURO DE VASCONCELOS,EM,RUA MARLIERIA, SN,BANGU,GRANDE BANGU,-22.85044,-43.46686,599
534,EM CORA CORALINA,EM,RUA VOTORANTIM, SN KM 10 MENDANHA,CAMPO GRANDE,ZONA OESTE,-22.85878,-43.53705,157
379,CIEP NELSON MANDELA,CIEP,PRACA DANIEL LAMES, SN,CAMPO GRANDE,ZONA OESTE,-22.89558,-43.57051,109
616,CIEP PROFESSOR DARCI RIBEIRO,CIEP,RUA CONCHAS, SN,CAMPO GRANDE,ZONA OESTE,-22.8873,-43.58736,372
342,E.M FERNANDO COSTA,EM,RUA JOSE ALBANO, SN,CAMPO GRANDE,ZONA OESTE,-22.89036,-43.59399,296
052,E.M PROFESSOR PAULO SILVA,EM,RUA JAIRO CORREA, SN,INHOAIBA,ZONA OESTE,-22.90859,-43.58474,330
399,CIEP CLEMENTINA DE JESUS,CIEP,AVENIDA ALHAMBRA, SN,CAMPO GRANDE,ZONA OESTE,-22.92529,-43.56665,71
255,CIEP FRANCISCO CAVALCANTE PONTES DE MIRANDA,CIEP,ESTRADA MORICABA, SN,SENADOR VASCONCELOS,ZONA OESTE,-22.92529,-43.56665,591
139,EM JESUS SOARES PEREIRA,EM,RUA CONSOLACAO, 138,CAMPO GRANDE,ZONA OESTE,-22.91959,-43.54684,316
144,EM ALFREDO CESARIO ALVIM,EM,RUA LUISA MARILAC, 20,CAMPO GRANDE,ZONA OESTE,-22.92315,-43.51877,99
202,E.M. PROFESSOR TEOFILO MOREIRA DA COSTA,EM,RUA ESPERANCA, 387,VARGEM GRANDE,BARRA DA TIJUCA,-22.98173,-43.49164,121
690,ESCOLA MUNICIPAL FINLANDIA,EM,RUA IGARAPE-ACU,Não informado,CAMORIM,BARRA DA TIJUCA,-22.97199,-43.41011,94
636,EM PABLO NERUDA,EM,ESTRADA DO MAPUA, SN RUA 3,TAQUARA,JACAREPAGUA,-22.92688,-43.38788,161
211,EM FRANCIS HIME,EM,ESTRADA PAU DA FOME, 196,TAQUARA,JACAREPAGUA,-22.91883,-43.41625,520
301,EM JONATAS SERRANO,EM,ESTRADA DO MATO ALTO, SN,GUARATIBA,ZONA OESTE,-22.95316,-43.57741,335
606,EM PROFESSOR CASTILHO,EM,CAMINHO DA MATRIZ, 4406,ILHA DE GUARATIBA,ZONA OESTE,-22.99412,-43.59368,521
210,EM DEBORA MENDES DE MORAES,EM,RUA BELCHIOR DA FONSECA, 643,PEDRA DE GUARATIBA,ZONA OESTE,-23.00142,-43.63876,570
474,EM ENGENHEIRO GASTAO RANGEL,EM,ESTRADA DO MAGARCA, 9183,GUARATIBA,ZONA OESTE,-22.98046,-43.64354,320
515,CIEP HILDEBRANDO DE ARAUJO GOES,CIEP,ESTRADA DA PEDRA, SN,PEDRA DE GUARATIBA,ZONA OESTE,-22.97451,-43.64817,341
289,EM BERTHA LUTZ,EM,ESTRADA DO PIAI, 2075,GUARATIBA,ZONA OESTE,-22.97906,-43.67058,329
584,ESCOLA MUNICIPAL NELSON ROMERO,EM,RUA JOSE BALDINO, SN,SEPETIBA,ZONA OESTE,-22.97174,-43.69735,342
246,EM FERNANDO AZEVEDO,EM,RUA DAS PALMEIRAS IMPERIAIS, SN,SANTA CRUZ,ZONA OESTE,-22.92306,-43.69233,459
560,EM ANDRE VIDAL DE NEGREIROS,EM,RUA FELIPE CARDOSO, 750,SANTA CRUZ,ZONA OESTE,-22.92139,-43.68058,308
311,EM PESTALOZZI,EM,RUA SEVERIANO DAS CHAGAS, SN,SANTA CRUZ,ZONA OESTE,-22.91572,-43.67975,162
323,CIEP ISMAEL NERY,CIEP,AVENIDA CESARIO DE MELO, SN,SANTA CRUZ,ZONA OESTE,-22.93416,-43.66213,106
316,EM PROFESSORA FLAVIA DOS SANTOS SOARES,EM,RUA EUDALDO GOMES DA SILVA, SN CONJ URUCANIA,PACIENCIA,ZONA OESTE,-22.91403,-43.65344,579
319,EM MARECHAL PEDRO CAVALCANTI,EM,RUA PORTO FIRME, SN,PACIENCIA,ZONA OESTE,-22.92485,-43.63289,537
320,COLEGIO MUNICIPAL PRESIDENTE ANTONIO CARLOS,COLEGIO,RUA PEQUIA, 97,COSMOS,ZONA OESTE,-22.91097,-43.61605,479
573,CENTRO INTEGRADO DE EDUCACAO PUBLICA MAJOR MANUEL GOMES ARCHER,CIEP,RUA CABO SAULO DE VASCONCELOS, SN,PACIENCIA,ZONA OESTE,-22.88855,-43.63805,207
497,E.M PROFESSORA LEILA MEHL MENEZES DE MATTOS,EM,AVENIDA MARIO PEREIRA DOS SANTOS, SN,PACIENCIA,ZONA OESTE,-22.87319,-43.62773,517
638,E.M AZEVEDO SODRE,EM,RUA BARAO DE UBA, 331,PRACA DA BANDEIRA,GRANDE TIJUCA,-22.91545,-43.21109,293
089,EM MARIO CLAUDIO,EM,RUA HADDOCK LOBO, 148,RIO COMPRIDO,CENTRO,-22.91723,-43.21104,473
132,EM PEREIRA PASSOS,EM,PRACA CONDESSA PAULO DE FRONTIN, 45,RIO COMPRIDO,CENTRO,-22.92441,-43.20858,67
